SET NAMES utf8mb4;
SET FOREIGN_KEY_CHECKS = 0;

TRUNCATE TABLE `user_behavior`;
TRUNCATE TABLE `ai_workflow_job`;
TRUNCATE TABLE `task`;
TRUNCATE TABLE `note_0`;
TRUNCATE TABLE `note_1`;
TRUNCATE TABLE `note_2`;
TRUNCATE TABLE `note_3`;
TRUNCATE TABLE `user`;

SET FOREIGN_KEY_CHECKS = 1;

-- Default password for all seeded users: Pass123456
INSERT INTO `user` (`id`, `username`, `password`, `email`, `create_time`) VALUES
  (1, 'liwen_pm', 'Pass123456', 'liwen.pm@test.local', '2026-03-01 09:10:00'),
  (2, 'zhouyi_dev', 'Pass123456', 'zhouyi.dev@test.local', '2026-03-02 10:20:00'),
  (3, 'heqing_fit', 'Pass123456', 'heqing.fit@test.local', '2026-03-02 21:05:00'),
  (4, 'susu_creator', 'Pass123456', 'susu.creator@test.local', '2026-03-03 14:00:00'),
  (5, 'chenyu_grad', 'Pass123456', 'chenyu.grad@test.local', '2026-03-04 08:30:00');

INSERT INTO `note_1` (`id`, `user_id`, `title`, `content`, `tags`, `summary`, `pinned`, `review_state`, `next_review_at`, `last_reviewed_at`, `create_time`, `update_time`) VALUES
  (1101, 1, '四月产品发布清单', '梳理发布前需要完成的文案、引导页截图、站内公告和回滚方案。重点确保注册流程、欢迎页和通知文案在同一版本内上线。', '发布,项目管理,协作', '一份围绕四月版本上线的执行清单，重点是文案、截图和回滚准备。', 1, 'REVIEW', '2026-03-14 10:00:00', '2026-03-12 09:00:00', '2026-03-08 09:00:00', '2026-03-12 10:30:00'),
  (1102, 1, '周会纪要：注册转化漏斗', '记录本周运营、设计和产品同步的结论：新用户引导页点击率偏低，注册完成率在移动端仍有明显损耗，需要把验证步骤和展示顺序拆开看。', '周会,增长,数据', '会议聚焦注册漏斗下滑问题，决定拆分移动端验证流程并跟踪引导页点击率。', 0, 'NEW', NULL, NULL, '2026-03-09 11:00:00', '2026-03-11 16:20:00'),
  (1103, 1, '客户访谈洞察', '本周访谈了三位已付费用户，大家对仪表盘有兴趣，但更在意每天进入系统后第一眼该做什么。需要把首页做得更像工作台，而不是数据陈列。', '客户研究,需求,访谈', NULL, 0, 'EVERGREEN', '2026-03-18 19:30:00', '2026-03-10 18:20:00', '2026-03-10 18:20:00', '2026-03-12 08:50:00'),
  (1501, 5, '论文相关工作阅读笔记', '整理了三篇与知识管理和任务推荐相关的论文，主要对比建模方法、特征选择和实验设置。后续要补一个自己的文献矩阵。', '论文,阅读,研究', '总结了三篇相关工作论文的模型思路和实验设计，为后续文献矩阵做准备。', 1, 'EVERGREEN', '2026-03-20 20:00:00', '2026-03-11 21:00:00', '2026-03-06 20:30:00', '2026-03-11 21:00:00'),
  (1502, 5, '实验设计待确认假设', '准备验证知识提示对任务完成率的影响。当前还需要确认样本量估算、实验周期和分组方式，避免后面返工。', '实验,研究设计,待办', '记录实验设计还未敲定的三项关键假设：样本量、周期和分组方式。', 0, 'REVIEW', '2026-03-15 14:00:00', '2026-03-12 09:30:00', '2026-03-09 09:30:00', '2026-03-12 09:30:00'),
  (1503, 5, '导师会议纪要 03-11', '导师建议先缩小问题范围，把用户画像收敛到重度记录型用户，再把实验部分从三组降成两组。第三章结构也要更明确。', '导师会议,论文,修改', NULL, 0, 'REVIEW', '2026-03-16 20:30:00', NULL, '2026-03-11 15:10:00', '2026-03-11 18:40:00'),
  (1504, 5, '数据清洗问题备忘', '需要统一空值处理策略，并补一份异常值日志，避免实验结果在复现时出现偏差。当前最容易出问题的是时间字段格式不统一。', '数据分析,清洗,Python', '汇总了数据清洗环节的风险点，重点是空值、异常值和时间格式。', 0, 'NEW', NULL, NULL, '2026-03-12 08:10:00', '2026-03-12 08:55:00');

INSERT INTO `note_2` (`id`, `user_id`, `title`, `content`, `tags`, `summary`, `pinned`, `review_state`, `next_review_at`, `last_reviewed_at`, `create_time`, `update_time`) VALUES
  (1201, 2, 'RocketMQ 异步任务改造记录', '把摘要、整理、提取任务、周复盘统一改成作业模型，note-service 只负责入库和派发，ai-service 负责消费并回写结果。下一步是补失败重试和死信队列。', '后端,RocketMQ,异步', '记录了 AI 作业异步化的实现思路：作业入库、消息投递、消费回写和后续可靠性规划。', 1, 'EVERGREEN', '2026-03-20 11:00:00', '2026-03-12 10:00:00', '2026-03-07 09:20:00', '2026-03-12 10:00:00'),
  (1202, 2, 'Redis 登录态排查', '排查过程中确认 token 失效大多来自开发环境重启 Redis，解决方式是脚本层面避免无脑覆盖本机实例，并在清库后清理 token 键。', 'Redis,鉴权,排障', '总结了登录态失效的主要原因和处理策略，重点在 Redis 重启与 token 键管理。', 0, 'REVIEW', '2026-03-14 16:00:00', '2026-03-11 22:00:00', '2026-03-09 20:20:00', '2026-03-11 22:00:00'),
  (1203, 2, '本周接口联调清单', '还有三项接口需要重点验证：AI 作业状态轮询、来源任务完成后的行为回写、周复盘在首页展示的空状态。', '接口联调,测试,发布', NULL, 0, 'NEW', NULL, NULL, '2026-03-11 09:30:00', '2026-03-12 09:10:00'),
  (1204, 2, 'ShardingSphere 分表注意事项', '当前 note 按 user_id 分表，ai_workflow_job 走 SINGLE 规则。后续如果任务也分表，需要提前梳理跨表统计和 dashboard 聚合方式。', '数据库,ShardingSphere,分表', '沉淀了 note 分表和 ai_workflow_job 单表规则的注意事项，为后续扩展做准备。', 0, 'EVERGREEN', '2026-03-19 18:30:00', '2026-03-10 20:10:00', '2026-03-08 18:00:00', '2026-03-10 20:10:00');

INSERT INTO `note_3` (`id`, `user_id`, `title`, `content`, `tags`, `summary`, `pinned`, `review_state`, `next_review_at`, `last_reviewed_at`, `create_time`, `update_time`) VALUES
  (1301, 3, '本周力量训练复盘', '本周上肢训练状态不错，卧推重量回到稳定水平，但下肢训练因为睡眠不足受影响。下周要把训练安排回到固定时间段。', '健身,训练,复盘', '总结了本周训练强度和恢复情况，下一步是稳定训练时间并补下肢训练。', 1, 'REVIEW', '2026-03-13 20:00:00', '2026-03-12 07:10:00', '2026-03-07 07:00:00', '2026-03-12 07:10:00'),
  (1302, 3, '三天备餐清单', '本周准备鸡胸、冷冻西兰花、鸡蛋和燕麦，尽量把工作日晚饭准备前移，避免临时点外卖。', '饮食,备餐,效率', '一份围绕工作日饮食控制的备餐清单，目标是减少临时点外卖。', 0, 'NEW', NULL, NULL, '2026-03-09 21:30:00', '2026-03-11 19:10:00'),
  (1303, 3, '睡眠和恢复观察', '最近两周在连续加班时，睡眠时长降到六小时以下，第二天训练动作控制明显变差。需要建立更稳定的睡前例行流程。', '睡眠,恢复,习惯', NULL, 0, 'EVERGREEN', '2026-03-19 22:00:00', NULL, '2026-03-10 22:10:00', '2026-03-12 06:50:00');

INSERT INTO `note_0` (`id`, `user_id`, `title`, `content`, `tags`, `summary`, `pinned`, `review_state`, `next_review_at`, `last_reviewed_at`, `create_time`, `update_time`) VALUES
  (1401, 4, '下周短视频选题池', '围绕效率工具、知识整理和低成本自律这三个方向准备下周内容，每条选题都要有明确钩子和一句话价值点。', '内容创作,短视频,选题', '整理了下周内容选题和切入角度，重点是明确钩子和一句话价值点。', 1, 'REVIEW', '2026-03-14 09:30:00', '2026-03-12 08:00:00', '2026-03-08 13:20:00', '2026-03-12 08:00:00'),
  (1402, 4, '直播脚本开场模板', '尝试把开场控制在 20 秒内，先讲今天能解决的问题，再给一个具体案例，最后再介绍自己。', '直播,脚本,表达', '沉淀了一套更短更直接的直播开场模板，用来提升开播前两分钟留存。', 0, 'EVERGREEN', '2026-03-21 20:30:00', '2026-03-10 20:15:00', '2026-03-07 20:15:00', '2026-03-10 20:15:00'),
  (1403, 4, '三月品牌合作跟进', '本月有两个品牌合作在推进，需要确认发布时间窗口、素材交付要求和报价表版本。还要同步近期账号数据给品牌方。', '商务,合作,跟进', NULL, 0, 'NEW', NULL, NULL, '2026-03-11 14:20:00', '2026-03-12 11:00:00'),
  (1404, 4, '封面文案 A/B 测试观察', '同一主题下，结论型封面在收藏率上更好，问题型封面更适合拉点击。后续要按内容类型区分。', '文案,封面,测试', '记录了封面文案测试的阶段性结论：问题型提点击，结论型提收藏。', 0, 'REVIEW', '2026-03-15 18:00:00', '2026-03-11 18:20:00', '2026-03-09 18:20:00', '2026-03-11 18:20:00');

INSERT INTO `task` (`id`, `user_id`, `title`, `description`, `deadline`, `tags`, `source_note_id`, `status`, `create_time`) VALUES
  (1, 1, '确认发布文案最终版', '和运营一起过一遍站内公告和欢迎语。', '2026-03-13 18:00:00', '发布,文案', 1101, 0, '2026-03-12 10:40:00'),
  (2, 1, '跟设计确认引导页截图', '确保截图版本和正式上线稿一致。', '2026-03-13 16:00:00', '发布,设计', 1101, 1, '2026-03-12 10:45:00'),
  (3, 1, '整理客户访谈共性问题', '把三位用户的关注点整理成统一结构。', '2026-03-15 20:00:00', '客户研究,复盘', 1103, 0, '2026-03-12 09:00:00'),
  (4, 1, '输出发布公告邮件', '给内部群和邮件同步最终发布时间。', '2026-03-12 18:30:00', '发布,沟通', 1101, 2, '2026-03-11 17:00:00'),
  (5, 2, '补 AI 任务失败重试', '先把失败重试次数和回退策略补齐。', '2026-03-15 12:00:00', '后端,RocketMQ', 1201, 1, '2026-03-12 10:10:00'),
  (6, 2, '清理无效 Redis token', '清库后同步删除 token 和登录限流键。', '2026-03-13 14:00:00', 'Redis,鉴权', 1202, 0, '2026-03-12 09:50:00'),
  (7, 2, '补接口联调回归清单', '确认 AI 作业状态、来源任务和首页复盘卡片。', '2026-03-14 19:00:00', '接口联调,测试', 1203, 0, '2026-03-12 09:15:00'),
  (8, 2, '整理发布前检查项', '输出一版发布前 checklist 给团队。', '2026-03-11 19:00:00', '发布,流程', NULL, 2, '2026-03-10 18:20:00'),
  (9, 2, '补分表统计说明', '把 dashboard 跨分表统计思路写进备注。', '2026-03-16 18:00:00', '数据库,文档', 1204, 2, '2026-03-10 20:15:00'),
  (10, 3, '周五补一次腿部训练', '把这周缺掉的腿部训练补回来。', '2026-03-13 20:30:00', '健身,训练', 1301, 0, '2026-03-12 07:20:00'),
  (11, 3, '周六买鸡胸和冷冻蔬菜', '一次性把三天备餐食材买齐。', '2026-03-13 21:00:00', '饮食,采购', 1302, 2, '2026-03-11 19:15:00'),
  (12, 3, '晚上 11 点前上床', '连续五天把睡眠拉回 7 小时以上。', '2026-03-16 23:00:00', '睡眠,习惯', NULL, 1, '2026-03-12 06:55:00'),
  (13, 3, '记录本周睡眠时长', '用备忘录记录入睡时间和起床精神状态。', '2026-03-15 08:00:00', '睡眠,追踪', 1303, 0, '2026-03-12 06:58:00'),
  (14, 4, '敲定周二脚本', '从选题池里挑一个最适合当天发布的方向。', '2026-03-13 11:00:00', '内容创作,脚本', 1401, 1, '2026-03-12 08:05:00'),
  (15, 4, '更新合作报价表', '把最近三条数据和报价区间同步到品牌合作表。', '2026-03-14 17:00:00', '商务,合作', 1403, 0, '2026-03-12 11:05:00'),
  (16, 4, '整理封面点击率数据', '把最近十条视频的封面表现拉到同一张表里。', '2026-03-15 15:00:00', '文案,测试', 1404, 0, '2026-03-11 18:30:00'),
  (17, 4, '回复品牌邮件', '确认素材交付时间和口播要求。', '2026-03-11 19:00:00', '商务,沟通', NULL, 2, '2026-03-11 16:00:00'),
  (18, 5, '补实验样本量估算', '先把最小样本量和招募成本算清楚。', '2026-03-15 18:00:00', '实验,研究设计', 1502, 0, '2026-03-12 09:35:00'),
  (19, 5, '按导师意见修改第三章', '先收缩研究问题，再把章节结构调顺。', '2026-03-16 22:00:00', '论文,修改', 1503, 1, '2026-03-11 18:45:00'),
  (20, 5, '复查异常值处理脚本', '补日志输出并统一时间字段格式。', '2026-03-14 20:00:00', '数据分析,清洗', 1504, 0, '2026-03-12 09:00:00'),
  (21, 5, '周日晚整理阅读卡片', '把三篇论文的核心观点提炼成文献卡片。', '2026-03-12 22:00:00', '论文,阅读', NULL, 2, '2026-03-10 21:10:00'),
  (22, 5, '整理三篇相关文章对比', '补一张研究问题、方法和数据集对比表。', '2026-03-11 22:30:00', '论文,研究', 1501, 2, '2026-03-09 20:50:00');

INSERT INTO `ai_workflow_job` (`id`, `user_id`, `note_id`, `job_type`, `status`, `request_payload`, `result_payload`, `error_message`, `finished_time`, `create_time`, `update_time`) VALUES
  (9101, 1, 1101, 'SUMMARY', 'SUCCESS', '{"jobId":9101,"userId":1,"noteId":1101,"jobType":"SUMMARY"}', '{"summary":"一份围绕四月版本上线的执行清单，重点是文案、截图和回滚准备。","tasks":[]}', NULL, '2026-03-12 10:31:00', '2026-03-12 10:30:00', '2026-03-12 10:31:00'),
  (9102, 1, 1103, 'ORGANIZE', 'SUCCESS', '{"jobId":9102,"userId":1,"noteId":1103,"jobType":"ORGANIZE"}', '{"summary":"访谈结论集中指向首页工作台化。","suggestedTitle":"客户访谈洞察：首页更像工作台","suggestedTags":"客户研究,需求,首页"}', NULL, '2026-03-12 09:05:00', '2026-03-12 09:02:00', '2026-03-12 09:05:00'),
  (9103, 1, 1101, 'EXTRACT_TASKS', 'SUCCESS', '{"jobId":9103,"userId":1,"noteId":1101,"jobType":"EXTRACT_TASKS"}', '{"tasks":[{"title":"确认发布文案最终版","description":"和运营一起过一遍站内公告和欢迎语。","tags":["发布","文案"]},{"title":"跟设计确认引导页截图","description":"确保截图版本和正式上线稿一致。","tags":["发布","设计"]}]}', NULL, '2026-03-12 10:46:00', '2026-03-12 10:44:00', '2026-03-12 10:46:00'),
  (9104, 1, NULL, 'WEEKLY_REVIEW', 'SUCCESS', '{"jobId":9104,"userId":1,"jobType":"WEEKLY_REVIEW"}', '{"weeklyReview":{"headline":"本周产品推进复盘","summary":"本周主要围绕发布准备和首页方向收敛展开，重点收获来自客户访谈。","highlights":["发布清单已经细化到执行项","客户访谈明确了首页工作台方向"],"focusAreas":["补齐首页优先级","跟进注册漏斗优化"],"nextActions":["确认引导页截图版本","整理访谈共性问题"]}}', NULL, '2026-03-12 11:10:00', '2026-03-12 11:08:00', '2026-03-12 11:10:00'),
  (9201, 2, 1201, 'SUMMARY', 'SUCCESS', '{"jobId":9201,"userId":2,"noteId":1201,"jobType":"SUMMARY"}', '{"summary":"记录了 AI 作业异步化的实现思路，以及后续要补的重试和死信能力。"}', NULL, '2026-03-12 10:02:00', '2026-03-12 10:00:00', '2026-03-12 10:02:00'),
  (9202, 2, 1203, 'ORGANIZE', 'SUCCESS', '{"jobId":9202,"userId":2,"noteId":1203,"jobType":"ORGANIZE"}', '{"summary":"联调重点集中在 AI 作业、来源任务和首页复盘卡片。","suggestedTitle":"本周联调重点清单","suggestedTags":"接口联调,测试,AI 作业"}', NULL, '2026-03-12 09:20:00', '2026-03-12 09:16:00', '2026-03-12 09:20:00'),
  (9203, 2, 1201, 'EXTRACT_TASKS', 'SUCCESS', '{"jobId":9203,"userId":2,"noteId":1201,"jobType":"EXTRACT_TASKS"}', '{"tasks":[{"title":"补 AI 任务失败重试","description":"先把失败重试次数和回退策略补齐。","tags":["后端","RocketMQ"]},{"title":"补死信队列监控","description":"给 AI 作业异常路径留出观察入口。","tags":["监控","异步"]}]}', NULL, '2026-03-12 10:12:00', '2026-03-12 10:09:00', '2026-03-12 10:12:00'),
  (9204, 2, NULL, 'WEEKLY_REVIEW', 'SUCCESS', '{"jobId":9204,"userId":2,"jobType":"WEEKLY_REVIEW"}', '{"weeklyReview":{"headline":"本周工程效率复盘","summary":"本周完成了 AI 作业异步化主链路，剩余工作集中在可靠性和联调回归。","highlights":["RocketMQ 已用于真实业务","联调清单已经收敛"],"focusAreas":["失败重试","Redis token 清理"],"nextActions":["补接口联调回归清单","加死信队列和监控"]}}', NULL, '2026-03-12 11:25:00', '2026-03-12 11:22:00', '2026-03-12 11:25:00'),
  (9301, 3, 1301, 'SUMMARY', 'SUCCESS', '{"jobId":9301,"userId":3,"noteId":1301,"jobType":"SUMMARY"}', '{"summary":"总结了本周训练和恢复状态，下一步要稳定训练节奏并补足腿部训练。"}', NULL, '2026-03-12 07:12:00', '2026-03-12 07:10:00', '2026-03-12 07:12:00'),
  (9302, 3, 1303, 'ORGANIZE', 'FAILED', '{"jobId":9302,"userId":3,"noteId":1303,"jobType":"ORGANIZE"}', NULL, '内容较短，暂时无法生成稳定的整理建议。', '2026-03-12 06:56:00', '2026-03-12 06:54:00', '2026-03-12 06:56:00'),
  (9303, 3, 1302, 'EXTRACT_TASKS', 'SUCCESS', '{"jobId":9303,"userId":3,"noteId":1302,"jobType":"EXTRACT_TASKS"}', '{"tasks":[{"title":"周六买鸡胸和冷冻蔬菜","description":"一次性把三天备餐食材买齐。","tags":["饮食","采购"]}]}', NULL, '2026-03-11 19:18:00', '2026-03-11 19:15:00', '2026-03-11 19:18:00'),
  (9304, 3, NULL, 'WEEKLY_REVIEW', 'SUCCESS', '{"jobId":9304,"userId":3,"jobType":"WEEKLY_REVIEW"}', '{"weeklyReview":{"headline":"本周训练与恢复复盘","summary":"训练完成度尚可，但睡眠不足开始影响动作质量，需要优先修复恢复节奏。","highlights":["上肢训练状态回升","备餐执行比较稳定"],"focusAreas":["睡眠时长","腿部训练补课"],"nextActions":["周五补一次腿部训练","连续五天 23 点前上床"]}}', NULL, '2026-03-12 07:30:00', '2026-03-12 07:27:00', '2026-03-12 07:30:00'),
  (9401, 4, 1401, 'SUMMARY', 'SUCCESS', '{"jobId":9401,"userId":4,"noteId":1401,"jobType":"SUMMARY"}', '{"summary":"整理了下周内容选题和切入角度，重点是明确钩子和一句话价值点。"}', NULL, '2026-03-12 08:02:00', '2026-03-12 08:00:00', '2026-03-12 08:02:00'),
  (9402, 4, 1403, 'ORGANIZE', 'SUCCESS', '{"jobId":9402,"userId":4,"noteId":1403,"jobType":"ORGANIZE"}', '{"summary":"合作跟进核心是发布时间、素材要求和报价版本。","suggestedTitle":"三月品牌合作执行跟进","suggestedTags":"商务,合作,执行"}', NULL, '2026-03-12 11:06:00', '2026-03-12 11:03:00', '2026-03-12 11:06:00'),
  (9403, 4, 1401, 'EXTRACT_TASKS', 'SUCCESS', '{"jobId":9403,"userId":4,"noteId":1401,"jobType":"EXTRACT_TASKS"}', '{"tasks":[{"title":"敲定周二脚本","description":"从选题池里挑一个最适合当天发布的方向。","tags":["内容创作","脚本"]},{"title":"整理下周选题优先级","description":"把高优先级选题固定到日历里。","tags":["选题","计划"]}]}', NULL, '2026-03-12 08:08:00', '2026-03-12 08:04:00', '2026-03-12 08:08:00'),
  (9404, 4, NULL, 'WEEKLY_REVIEW', 'SUCCESS', '{"jobId":9404,"userId":4,"jobType":"WEEKLY_REVIEW"}', '{"weeklyReview":{"headline":"本周内容运营复盘","summary":"本周把内容选题、合作推进和封面测试拆清楚了，接下来重点是提高产出稳定性。","highlights":["选题池已经成型","封面测试结论更清楚"],"focusAreas":["合作报价更新","视频脚本效率"],"nextActions":["敲定周二脚本","更新合作报价表"]}}', NULL, '2026-03-12 11:20:00', '2026-03-12 11:18:00', '2026-03-12 11:20:00'),
  (9501, 5, 1501, 'SUMMARY', 'SUCCESS', '{"jobId":9501,"userId":5,"noteId":1501,"jobType":"SUMMARY"}', '{"summary":"总结了三篇相关工作论文的模型思路和实验设计，为后续文献矩阵做准备。"}', NULL, '2026-03-11 21:02:00', '2026-03-11 21:00:00', '2026-03-11 21:02:00'),
  (9502, 5, 1503, 'ORGANIZE', 'SUCCESS', '{"jobId":9502,"userId":5,"noteId":1503,"jobType":"ORGANIZE"}', '{"summary":"导师建议缩小研究问题并调整第三章结构。","suggestedTitle":"导师会议纪要：收窄研究问题","suggestedTags":"导师会议,论文,研究范围"}', NULL, '2026-03-11 18:42:00', '2026-03-11 18:39:00', '2026-03-11 18:42:00'),
  (9503, 5, 1502, 'EXTRACT_TASKS', 'SUCCESS', '{"jobId":9503,"userId":5,"noteId":1502,"jobType":"EXTRACT_TASKS"}', '{"tasks":[{"title":"补实验样本量估算","description":"先把最小样本量和招募成本算清楚。","tags":["实验","研究设计"]},{"title":"确认分组方式","description":"把实验从三组压缩到两组后的影响写清楚。","tags":["实验","待办"]}]}', NULL, '2026-03-12 09:37:00', '2026-03-12 09:34:00', '2026-03-12 09:37:00'),
  (9504, 5, NULL, 'WEEKLY_REVIEW', 'SUCCESS', '{"jobId":9504,"userId":5,"jobType":"WEEKLY_REVIEW"}', '{"weeklyReview":{"headline":"本周论文推进复盘","summary":"本周的主要进展是收敛研究问题和补实验设计细节，导师反馈已经明确到下一轮修改方向。","highlights":["导师反馈足够具体","相关工作阅读有积累"],"focusAreas":["第三章结构","样本量估算"],"nextActions":["按导师意见修改第三章","补实验样本量估算"]}}', NULL, '2026-03-12 10:05:00', '2026-03-12 10:02:00', '2026-03-12 10:05:00');

INSERT INTO `user_behavior` (`event_id`, `user_id`, `action_type`, `target_id`, `create_time`) VALUES
  ('seed-u1-note-create-1101', 1, 'CREATE_NOTE', 1101, '2026-03-08 09:00:00'),
  ('seed-u1-note-create-1102', 1, 'CREATE_NOTE', 1102, '2026-03-09 11:00:00'),
  ('seed-u1-note-create-1103', 1, 'CREATE_NOTE', 1103, '2026-03-10 18:20:00'),
  ('seed-u1-pin-1101', 1, 'PIN_NOTE', 1101, '2026-03-12 10:30:00'),
  ('seed-u1-organize-1103', 1, 'ORGANIZE_NOTE', 1103, '2026-03-12 09:05:00'),
  ('seed-u1-extract-1101', 1, 'EXTRACT_TASK_FROM_NOTE', 1101, '2026-03-12 10:46:00'),
  ('seed-u1-review-1101', 1, 'REVIEW_NOTE', 1101, '2026-03-12 09:00:00'),
  ('seed-u1-read-1102', 1, 'READ_NOTE', 1102, '2026-03-11 16:30:00'),
  ('seed-u1-finish-task-4', 1, 'FINISH_TASK', 4, '2026-03-12 18:35:00'),
  ('seed-u2-note-create-1201', 2, 'CREATE_NOTE', 1201, '2026-03-07 09:20:00'),
  ('seed-u2-note-create-1202', 2, 'CREATE_NOTE', 1202, '2026-03-09 20:20:00'),
  ('seed-u2-note-create-1203', 2, 'CREATE_NOTE', 1203, '2026-03-11 09:30:00'),
  ('seed-u2-note-create-1204', 2, 'CREATE_NOTE', 1204, '2026-03-08 18:00:00'),
  ('seed-u2-pin-1201', 2, 'PIN_NOTE', 1201, '2026-03-12 10:00:00'),
  ('seed-u2-organize-1203', 2, 'ORGANIZE_NOTE', 1203, '2026-03-12 09:20:00'),
  ('seed-u2-extract-1201', 2, 'EXTRACT_TASK_FROM_NOTE', 1201, '2026-03-12 10:12:00'),
  ('seed-u2-read-1202', 2, 'READ_NOTE', 1202, '2026-03-11 22:00:00'),
  ('seed-u2-finish-task-8', 2, 'FINISH_TASK', 8, '2026-03-11 19:10:00'),
  ('seed-u2-finish-task-9', 2, 'FINISH_TASK', 9, '2026-03-10 20:30:00'),
  ('seed-u3-note-create-1301', 3, 'CREATE_NOTE', 1301, '2026-03-07 07:00:00'),
  ('seed-u3-note-create-1302', 3, 'CREATE_NOTE', 1302, '2026-03-09 21:30:00'),
  ('seed-u3-note-create-1303', 3, 'CREATE_NOTE', 1303, '2026-03-10 22:10:00'),
  ('seed-u3-pin-1301', 3, 'PIN_NOTE', 1301, '2026-03-12 07:10:00'),
  ('seed-u3-extract-1302', 3, 'EXTRACT_TASK_FROM_NOTE', 1302, '2026-03-11 19:18:00'),
  ('seed-u3-read-1303', 3, 'READ_NOTE', 1303, '2026-03-12 06:52:00'),
  ('seed-u3-finish-task-11', 3, 'FINISH_TASK', 11, '2026-03-11 21:10:00'),
  ('seed-u4-note-create-1401', 4, 'CREATE_NOTE', 1401, '2026-03-08 13:20:00'),
  ('seed-u4-note-create-1402', 4, 'CREATE_NOTE', 1402, '2026-03-07 20:15:00'),
  ('seed-u4-note-create-1403', 4, 'CREATE_NOTE', 1403, '2026-03-11 14:20:00'),
  ('seed-u4-note-create-1404', 4, 'CREATE_NOTE', 1404, '2026-03-09 18:20:00'),
  ('seed-u4-pin-1401', 4, 'PIN_NOTE', 1401, '2026-03-12 08:00:00'),
  ('seed-u4-organize-1403', 4, 'ORGANIZE_NOTE', 1403, '2026-03-12 11:06:00'),
  ('seed-u4-extract-1401', 4, 'EXTRACT_TASK_FROM_NOTE', 1401, '2026-03-12 08:08:00'),
  ('seed-u4-read-1404', 4, 'READ_NOTE', 1404, '2026-03-11 18:25:00'),
  ('seed-u4-finish-task-17', 4, 'FINISH_TASK', 17, '2026-03-11 19:05:00'),
  ('seed-u5-note-create-1501', 5, 'CREATE_NOTE', 1501, '2026-03-06 20:30:00'),
  ('seed-u5-note-create-1502', 5, 'CREATE_NOTE', 1502, '2026-03-09 09:30:00'),
  ('seed-u5-note-create-1503', 5, 'CREATE_NOTE', 1503, '2026-03-11 15:10:00'),
  ('seed-u5-note-create-1504', 5, 'CREATE_NOTE', 1504, '2026-03-12 08:10:00'),
  ('seed-u5-pin-1501', 5, 'PIN_NOTE', 1501, '2026-03-11 21:00:00'),
  ('seed-u5-organize-1503', 5, 'ORGANIZE_NOTE', 1503, '2026-03-11 18:42:00'),
  ('seed-u5-extract-1502', 5, 'EXTRACT_TASK_FROM_NOTE', 1502, '2026-03-12 09:37:00'),
  ('seed-u5-read-1504', 5, 'READ_NOTE', 1504, '2026-03-12 09:00:00'),
  ('seed-u5-review-1502', 5, 'REVIEW_NOTE', 1502, '2026-03-12 09:30:00'),
  ('seed-u5-finish-task-21', 5, 'FINISH_TASK', 21, '2026-03-12 22:05:00'),
  ('seed-u5-finish-task-22', 5, 'FINISH_TASK', 22, '2026-03-11 22:40:00');
